[
    {
        "id": 1,
        "brand": "Nike",
        "type": "T-Shirt",
        "size": "Medium",
        "colour": "Blue",
        "price": "30",
        "gender": "Unisex"
    },
    {
        "id": 2,
        "brand": "Nike",
        "type": "Shorts",
        "size": "Large",
        "colour": "Black",
        "price": "25",
        "gender": "Men"
    },
    {
        "id": 3,
        "brand": "Nike",
        "type": "Hoodie",
        "size": "Small",
        "colour": "Grey",
        "price": "55",
        "gender": "Women"
    },
    {
        "id": 4,
        "brand": "Nike",
        "type": "Joggers",
        "size": "Medium",
        "colour": "Green",
        "price": "40",
        "gender": "Unisex"
    },
    {
        "id": 5,
        "brand": "Adidas",
        "type": "T-Shirt",
        "size": "Large",
        "colour": "Red",
        "price": "28",
        "gender": "Men"
    },
    {
        "id": 6,
        "brand": "Adidas",
        "type": "Tracksuit",
        "size": "Medium",
        "colour": "Blue",
        "price": "100",
        "gender": "Women"
    },
    {
        "id": 7,
        "brand": "Adidas",
        "type": "Sneakers",
        "size": "42",
        "colour": "White",
        "price": "75",
        "gender": "Unisex"
    },
    {
        "id": 8,
        "brand": "Adidas",
        "type": "Jacket",
        "size": "Small",
        "colour": "Black",
        "price": "80",
        "gender": "Men"
    },
    {
        "id": 9,
        "brand": "Under Armour",
        "type": "T-Shirt",
        "size": "Small",
        "colour": "White",
        "price": "26",
        "gender": "Women"
    },
    {
        "id": 10,
        "brand": "Under Armour",
        "type": "Shorts",
        "size": "Medium",
        "colour": "Blue",
        "price": "30",
        "gender": "Men"
    },
    {
        "id": 11,
        "brand": "Under Armour",
        "type": "Jacket",
        "size": "Large",
        "colour": "Grey",
        "price": "90",
        "gender": "Unisex"
    },
    {
        "id": 12,
        "brand": "Under Armour",
        "type": "Hoodie",
        "size": "Medium",
        "colour": "Black",
        "price": "60",
        "gender": "Women"
    },
    {
        "id": 13,
        "brand": "Puma",
        "type": "T-Shirt",
        "size": "Large",
        "colour": "Yellow",
        "price": "24",
        "gender": "Unisex"
    },
    {
        "id": 14,
        "brand": "Puma",
        "type": "Sweatpants",
        "size": "Medium",
        "colour": "Black",
        "price": "50",
        "gender": "Men"
    },
    {
        "id": 15,
        "brand": "Puma",
        "type": "Sneakers",
        "size": "43",
        "colour": "Grey",
        "price": "70",
        "gender": "Women"
    },
    {
        "id": 16,
        "brand": "Puma",
        "type": "Jacket",
        "size": "Small",
        "colour": "White",
        "price": "100",
        "gender": "Unisex"
    },
    {
        "id": 17,
        "brand": "H&M",
        "type": "Jeans",
        "size": "32",
        "colour": "Blue",
        "price": "50",
        "gender": "Men"
    },
    {
        "id": 18,
        "brand": "H&M",
        "type": "Dress",
        "size": "Medium",
        "colour": "Red",
        "price": "45",
        "gender": "Women"
    },
    {
        "id": 19,
        "brand": "H&M",
        "type": "Shirt",
        "size": "Large",
        "colour": "White",
        "price": "35",
        "gender": "Unisex"
    },
    {
        "id": 20,
        "brand": "H&M",
        "type": "T-Shirt",
        "size": "Small",
        "colour": "Black",
        "price": "20",
        "gender": "Women"
    },
    {
        "id": 21,
        "brand": "Zara",
        "type": "Blazer",
        "size": "Medium",
        "colour": "Navy",
        "price": "120",
        "gender": "Men"
    },
    {
        "id": 22,
        "brand": "Zara",
        "type": "Coat",
        "size": "Large",
        "colour": "Black",
        "price": "200",
        "gender": "Women"
    },
    {
        "id": 23,
        "brand": "Zara",
        "type": "Skirt",
        "size": "Small",
        "colour": "Pink",
        "price": "60",
        "gender": "Women"
    },
    {
        "id": 24,
        "brand": "Zara",
        "type": "Jeans",
        "size": "34",
        "colour": "Denim",
        "price": "50",
        "gender": "Unisex"
    },
    {
        "id": 25,
        "brand": "Gap",
        "type": "Sweater",
        "size": "Small",
        "colour": "Yellow",
        "price": "55",
        "gender": "Women"
    },
    {
        "id": 26,
        "brand": "Gap",
        "type": "Polo",
        "size": "Medium",
        "colour": "White",
        "price": "40",
        "gender": "Men"
    },
    {
        "id": 27,
        "brand": "Gap",
        "type": "Hoodie",
        "size": "Large",
        "colour": "Blue",
        "price": "70",
        "gender": "Unisex"
    },
    {
        "id": 28,
        "brand": "Gap",
        "type": "Jacket",
        "size": "Medium",
        "colour": "Grey",
        "price": "110",
        "gender": "Women"
    },
    {
        "id": 29,
        "brand": "Uniqlo",
        "type": "T-Shirt",
        "size": "Small",
        "colour": "White",
        "price": "25",
        "gender": "Unisex"
    },
    {
        "id": 30,
        "brand": "Uniqlo",
        "type": "Sweatshirt",
        "size": "Medium",
        "colour": "Purple",
        "price": "35",
        "gender": "Women"
    },
    {
        "id": 31,
        "brand": "Uniqlo",
        "type": "Jacket",
        "size": "Large",
        "colour": "Black",
        "price": "90",
        "gender": "Men"
    },
    {
        "id": 32,
        "brand": "Uniqlo",
        "type": "Jeans",
        "size": "32",
        "colour": "Blue",
        "price": "40",
        "gender": "Unisex"
    },
    {
        "id": 33,
        "brand": "Levi's",
        "type": "Jeans",
        "size": "34",
        "colour": "Black",
        "price": "60",
        "gender": "Men"
    },
    {
        "id": 34,
        "brand": "Levi's",
        "type": "Jacket",
        "size": "Medium",
        "colour": "Denim",
        "price": "100",
        "gender": "Women"
    },
    {
        "id": 35,
        "brand": "Levi's",
        "type": "Sweater",
        "size": "Small",
        "colour": "Red",
        "price": "45",
        "gender": "Unisex"
    },
    {
        "id": 36,
        "brand": "Levi's",
        "type": "Skirt",
        "size": "Large",
        "colour": "Blue",
        "price": "50",
        "gender": "Women"
    },
    {
        "id": 37,
        "brand": "Reebok",
        "type": "Tights",
        "size": "Medium",
        "colour": "Black",
        "price": "40",
        "gender": "Women"
    },
    {
        "id": 38,
        "brand": "Reebok",
        "type": "Shorts",
        "size": "Large",
        "colour": "Green",
        "price": "30",
        "gender": "Men"
    },
    {
        "id": 39,
        "brand": "Reebok",
        "type": "Sweatshirt",
        "size": "Small",
        "colour": "Blue",
        "price": "50",
        "gender": "Unisex"
    },
    {
        "id": 40,
        "brand": "Reebok",
        "type": "Jacket",
        "size": "Medium",
        "colour": "Red",
        "price": "80",
        "gender": "Men"
    },
    {
        "id": 41,
        "brand": "Columbia",
        "type": "Jacket",
        "size": "Large",
        "colour": "Grey",
        "price": "150",
        "gender": "Unisex"
    },
    {
        "id": 42,
        "brand": "Columbia",
        "type": "Sweater",
        "size": "Medium",
        "colour": "Navy",
        "price": "75",
        "gender": "Women"
    },
    {
        "id": 43,
        "brand": "Columbia",
        "type": "Shirt",
        "size": "Small",
        "colour": "Brown",
        "price": "40",
        "gender": "Men"
    },
    {
        "id": 44,
        "brand": "Columbia",
        "type": "Cargo Pants",
        "size": "Large",
        "colour": "Khaki",
        "price": "60",
        "gender": "Unisex"
    },
    {
        "id": 45,
        "brand": "North Face",
        "type": "Jacket",
        "size": "Medium",
        "colour": "Blue",
        "price": "200",
        "gender": "Women"
    },
    {
        "id": 46,
        "brand": "North Face",
        "type": "Fleece",
        "size": "Large",
        "colour": "Red",
        "price": "130",
        "gender": "Men"
    },
    {
        "id": 47,
        "brand": "North Face",
        "type": "Shirt",
        "size": "Small",
        "colour": "White",
        "price": "35",
        "gender": "Unisex"
    },
    {
        "id": 48,
        "brand": "North Face",
        "type": "Pants",
        "size": "Medium",
        "colour": "Black",
        "price": "80",
        "gender": "Women"
    },
    {
        "id": 49,
        "brand": "Patagonia",
        "type": "Sweater",
        "size": "Small",
        "colour": "Dark Green",
        "price": "95",
        "gender": "Men"
    },
    {
        "id": 50,
        "brand": "Patagonia",
        "type": "Jacket",
        "size": "Large",
        "colour": "Light Blue",
        "price": "200",
        "gender": "Women"
    },
    {
        "id": 51,
        "brand": "Nike",
        "type": "Hat",
        "size": "Standard",
        "colour": "White",
        "price": "15",
        "gender": "Unisex"
    },
    {
        "id": 52,
        "brand": "Adidas",
        "type": "Cap",
        "size": "Standard",
        "colour": "Black",
        "price": "20",
        "gender": "Men"
    },
    {
        "id": 53,
        "brand": "Under Armour",
        "type": "Visor",
        "size": "Standard",
        "colour": "Grey",
        "price": "18",
        "gender": "Women"
    },
    {
        "id": 54,
        "brand": "Puma",
        "type": "Beanie",
        "size": "Standard",
        "colour": "Black",
        "price": "22",
        "gender": "Unisex"
    },
    {
        "id": 55,
        "brand": "H&M",
        "type": "Scarf",
        "size": "Standard",
        "colour": "Red",
        "price": "25",
        "gender": "Women"
    },
    {
        "id": 56,
        "brand": "Zara",
        "type": "Gloves",
        "size": "Large",
        "colour": "Black",
        "price": "30",
        "gender": "Men"
    },
    {
        "id": 57,
        "brand": "Gap",
        "type": "Socks",
        "size": "Standard",
        "colour": "White",
        "price": "10",
        "gender": "Unisex"
    },
    {
        "id": 58,
        "brand": "Uniqlo",
        "type": "Mittens",
        "size": "Small",
        "colour": "Brown",
        "price": "20",
        "gender": "Women"
    },
    {
        "id": 59,
        "brand": "Levi's",
        "type": "Belt",
        "size": "Medium",
        "colour": "Black",
        "price": "35",
        "gender": "Men"
    },
    {
        "id": 60,
        "brand": "Reebok",
        "type": "Headband",
        "size": "Standard",
        "colour": "Blue",
        "price": "12",
        "gender": "Unisex"
    },
    {
        "id": 61,
        "brand": "Columbia",
        "type": "Gaiter",
        "size": "Standard",
        "colour": "Grey",
        "price": "25",
        "gender": "Men"
    },
    {
        "id": 62,
        "brand": "North Face",
        "type": "Neck Warmer",
        "size": "Standard",
        "colour": "Black",
        "price": "20",
        "gender": "Women"
    },
    {
        "id": 63,
        "brand": "Patagonia",
        "type": "Bandana",
        "size": "Standard",
        "colour": "Red",
        "price": "10",
        "gender": "Unisex"
    },
    {
        "id": 64,
        "brand": "Nike",
        "type": "Tights",
        "size": "Medium",
        "colour": "Black",
        "price": "55",
        "gender": "Women"
    },
    {
        "id": 65,
        "brand": "Adidas",
        "type": "Yoga Pants",
        "size": "Small",
        "colour": "Grey",
        "price": "45",
        "gender": "Women"
    },
    {
        "id": 66,
        "brand": "Under Armour",
        "type": "Shorts",
        "size": "Large",
        "colour": "Blue",
        "price": "30",
        "gender": "Men"
    },
    {
        "id": 67,
        "brand": "Puma",
        "type": "Track Pants",
        "size": "Large",
        "colour": "White",
        "price": "25",
        "gender": "Unisex"
    },
    {
        "id": 68,
        "brand": "H&M",
        "type": "Sweatpants",
        "size": "Medium",
        "colour": "Grey",
        "price": "40",
        "gender": "Women"
    },
    {
        "id": 69,
        "brand": "Zara",
        "type": "Cargo Pants",
        "size": "Small",
        "colour": "Black",
        "price": "35",
        "gender": "Men"
    },
    {
        "id": 70,
        "brand": "Gap",
        "type": "Track Jacket",
        "size": "Medium",
        "colour": "Blue",
        "price": "55",
        "gender": "Unisex"
    },
    {
        "id": 71,
        "brand": "Uniqlo",
        "type": "Tank Top",
        "size": "Medium",
        "colour": "Red",
        "price": "30",
        "gender": "Women"
    },
    {
        "id": 72,
        "brand": "Levi's",
        "type": "Denim Jacket",
        "size": "Large",
        "colour": "Blue",
        "price": "80",
        "gender": "Men"
    },
    {
        "id": 73,
        "brand": "Reebok",
        "type": "Fitness Gloves",
        "size": "Standard",
        "colour": "Black",
        "price": "25",
        "gender": "Unisex"
    },
    {
        "id": 74,
        "brand": "Columbia",
        "type": "Raincoat",
        "size": "Medium",
        "colour": "Green",
        "price": "100",
        "gender": "Women"
    },
    {
        "id": 75,
        "brand": "North Face",
        "type": "Winter Coat",
        "size": "Large",
        "colour": "Red",
        "price": "150",
        "gender": "Men"
    },
    {
        "id": 76,
        "brand": "Patagonia",
        "type": "Fleece Jacket",
        "size": "Small",
        "colour": "Black",
        "price": "70",
        "gender": "Unisex"
    },
    {
        "id": 77,
        "brand": "Nike",
        "type": "Running Shoes",
        "size": "42",
        "colour": "White",
        "price": "100",
        "gender": "Unisex"
    },
    {
        "id": 78,
        "brand": "Adidas",
        "type": "Basketball Shoes",
        "size": "40",
        "colour": "Red",
        "price": "120",
        "gender": "Men"
    },
    {
        "id": 79,
        "brand": "Under Armour",
        "type": "Hiking Boots",
        "size": "43",
        "colour": "Brown",
        "price": "150",
        "gender": "Women"
    },
    {
        "id": 80,
        "brand": "Puma",
        "type": "Slip-On Shoes",
        "size": "41",
        "colour": "Grey",
        "price": "60",
        "gender": "Unisex"
    },
    {
        "id": 81,
        "brand": "H&M",
        "type": "Blouse",
        "size": "Small",
        "colour": "Green",
        "price": "30",
        "gender": "Women"
    },
    {
        "id": 82,
        "brand": "Zara",
        "type": "Dress Pants",
        "size": "32",
        "colour": "Navy",
        "price": "80",
        "gender": "Men"
    },
    {
        "id": 83,
        "brand": "Gap",
        "type": "Cardigan",
        "size": "Large",
        "colour": "Pink",
        "price": "50",
        "gender": "Unisex"
    },
    {
        "id": 84,
        "brand": "Uniqlo",
        "type": "Wool Sweater",
        "size": "Medium",
        "colour": "Grey",
        "price": "45",
        "gender": "Women"
    },
    {
        "id": 85,
        "brand": "Levi's",
        "type": "Bootcut Jeans",
        "size": "34",
        "colour": "Dark Denim",
        "price": "90",
        "gender": "Men"
    },
    {
        "id": 86,
        "brand": "Reebok",
        "type": "Training Shorts",
        "size": "Large",
        "colour": "Green",
        "price": "30",
        "gender": "Unisex"
    },
    {
        "id": 87,
        "brand": "Columbia",
        "type": "Hiking Pants",
        "size": "Medium",
        "colour": "Beige",
        "price": "70",
        "gender": "Women"
    },
    {
        "id": 88,
        "brand": "North Face",
        "type": "Softshell Jacket",
        "size": "Small",
        "colour": "Black",
        "price": "130",
        "gender": "Men"
    },
    {
        "id": 89,
        "brand": "Patagonia",
        "type": "Windbreaker",
        "size": "Large",
        "colour": "Orange",
        "price": "95",
        "gender": "Unisex"
    },
    {
        "id": 90,
        "brand": "Nike",
        "type": "Leggings",
        "size": "Medium",
        "colour": "Blue",
        "price": "50",
        "gender": "Women"
    },
    {
        "id": 91,
        "brand": "Adidas",
        "type": "Track Jacket",
        "size": "Small",
        "colour": "Green",
        "price": "55",
        "gender": "Women"
    },
    {
        "id": 92,
        "brand": "Under Armour",
        "type": "Compression Shorts",
        "size": "Large",
        "colour": "Blue",
        "price": "30",
        "gender": "Men"
    },
    {
        "id": 93,
        "brand": "Puma",
        "type": "Golf Shirt",
        "size": "Medium",
        "colour": "Purple",
        "price": "70",
        "gender": "Unisex"
    },
    {
        "id": 94,
        "brand": "H&M",
        "type": "Midi Skirt",
        "size": "Small",
        "colour": "White",
        "price": "40",
        "gender": "Women"
    },
    {
        "id": 95,
        "brand": "Zara",
        "type": "Chinos",
        "size": "Large",
        "colour": "Khaki",
        "price": "80",
        "gender": "Men"
    },
    {
        "id": 96,
        "brand": "Gap",
        "type": "Henley Shirt",
        "size": "Medium",
        "colour": "Grey",
        "price": "35",
        "gender": "Unisex"
    },
    {
        "id": 97,
        "brand": "Uniqlo",
        "type": "Quilted Jacket",
        "size": "Small",
        "colour": "Brown",
        "price": "100",
        "gender": "Women"
    },
    {
        "id": 98,
        "brand": "Levi's",
        "type": "Denim Shorts",
        "size": "32",
        "colour": "Light Blue",
        "price": "70",
        "gender": "Men"
    },
    {
        "id": 99,
        "brand": "Reebok",
        "type": "Sports Bra",
        "size": "Medium",
        "colour": "Pink",
        "price": "25",
        "gender": "Women"
    },
    {
        "id": 100,
        "brand": "Columbia",
        "type": "Base Layer Top",
        "size": "Large",
        "colour": "Black",
        "price": "50",
        "gender": "Unisex"
    },
    {
        "id": 101,
        "brand": "North Face",
        "type": "Gilet",
        "size": "Medium",
        "colour": "Navy",
        "price": "120",
        "gender": "Men"
    },
    {
        "id": 102,
        "brand": "Patagonia",
        "type": "Horse Riding Pants",
        "size": "Small",
        "colour": "Green",
        "price": "90",
        "gender": "Women"
    },
    {
        "id": 103,
        "brand": "Nike",
        "type": "Ski Jacket",
        "size": "Large",
        "colour": "Red",
        "price": "200",
        "gender": "Unisex"
    },
    {
        "id": 104,
        "brand": "Adidas",
        "type": "Snow Pants",
        "size": "Medium",
        "colour": "Black",
        "price": "170",
        "gender": "Women"
    },
    {
        "id": 105,
        "brand": "Under Armour",
        "type": "Thermal Top",
        "size": "Small",
        "colour": "White",
        "price": "45",
        "gender": "Men"
    },
    {
        "id": 106,
        "brand": "Puma",
        "type": "Casual Shorts",
        "size": "Large",
        "colour": "Yellow",
        "price": "40",
        "gender": "Unisex"
    },
    {
        "id": 107,
        "brand": "H&M",
        "type": "Crop Top",
        "size": "Medium",
        "colour": "Pink",
        "price": "20",
        "gender": "Women"
    },
    {
        "id": 108,
        "brand": "Zara",
        "type": "Suit Jacket",
        "size": "Small",
        "colour": "Grey",
        "price": "150",
        "gender": "Men"
    },
    {
        "id": 109,
        "brand": "Gap",
        "type": "Turtleneck Sweater",
        "size": "Large",
        "colour": "Blue",
        "price": "60",
        "gender": "Unisex"
    },
    {
        "id": 110,
        "brand": "Uniqlo",
        "type": "Puffer Vest",
        "size": "Medium",
        "colour": "Orange",
        "price": "75",
        "gender": "Women"
    },
    {
        "id": 111,
        "brand": "Levi's",
        "type": "Flannel Shirt",
        "size": "Small",
        "colour": "Red",
        "price": "35",
        "gender": "Men"
    },
    {
        "id": 112,
        "brand": "Reebok",
        "type": "Running Tights",
        "size": "Large",
        "colour": "Black",
        "price": "60",
        "gender": "Women"
    },
    {
        "id": 113,
        "brand": "Columbia",
        "type": "Hiking Boots",
        "size": "43",
        "colour": "Brown",
        "price": "130",
        "gender": "Men"
    },
    {
        "id": 114,
        "brand": "North Face",
        "type": "Base Layer Pants",
        "size": "Medium",
        "colour": "Grey",
        "price": "70",
        "gender": "Unisex"
    },
    {
        "id": 115,
        "brand": "Patagonia",
        "type": "Ski Pants",
        "size": "Large",
        "colour": "Black",
        "price": "100",
        "gender": "Women"
    },
    {
        "id": 116,
        "brand": "Nike",
        "type": "Tank Top",
        "size": "Small",
        "colour": "White",
        "price": "25",
        "gender": "Unisex"
    },
    {
        "id": 117,
        "brand": "Adidas",
        "type": "Basketball Shorts",
        "size": "Medium",
        "colour": "Blue",
        "price": "35",
        "gender": "Men"
    },
    {
        "id": 118,
        "brand": "Under Armour",
        "type": "Polo Shirt",
        "size": "Large",
        "colour": "Navy",
        "price": "45",
        "gender": "Women"
    },
    {
        "id": 119,
        "brand": "Puma",
        "type": "Golf Pants",
        "size": "Small",
        "colour": "Grey",
        "price": "70",
        "gender": "Men"
    },
    {
        "id": 120,
        "brand": "H&M",
        "type": "Maxi Dress",
        "size": "Medium",
        "colour": "Purple",
        "price": "100",
        "gender": "Women"
    },
    {
        "id": 121,
        "brand": "Zara",
        "type": "Formal Shoes",
        "size": "42",
        "colour": "Black",
        "price": "150",
        "gender": "Men"
    },
    {
        "id": 122,
        "brand": "Gap",
        "type": "Sleepwear Set",
        "size": "Large",
        "colour": "Grey",
        "price": "50",
        "gender": "Unisex"
    },
    {
        "id": 123,
        "brand": "Uniqlo",
        "type": "Wool Hat",
        "size": "Standard",
        "colour": "Red",
        "price": "30",
        "gender": "Women"
    },
    {
        "id": 124,
        "brand": "Levi's",
        "type": "Capri Pants",
        "size": "Medium",
        "colour": "Blue",
        "price": "60",
        "gender": "Men"
    },
    {
        "id": 125,
        "brand": "Reebok",
        "type": "Fitness Top",
        "size": "Small",
        "colour": "Green",
        "price": "45",
        "gender": "Women"
    },
    {
        "id": 126,
        "brand": "Columbia",
        "type": "Windbreaker",
        "size": "Large",
        "colour": "Yellow",
        "price": "120",
        "gender": "Unisex"
    },
    {
        "id": 127,
        "brand": "North Face",
        "type": "Fleece Jacket",
        "size": "Medium",
        "colour": "Blue",
        "price": "140",
        "gender": "Men"
    },
    {
        "id": 128,
        "brand": "Patagonia",
        "type": "Rain Poncho",
        "size": "Standard",
        "colour": "Green",
        "price": "75",
        "gender": "Women"
    },
    {
        "id": 129,
        "brand": "Nike",
        "type": "Soccer Jersey",
        "size": "Large",
        "colour": "Yellow",
        "price": "80",
        "gender": "Unisex"
    },
    {
        "id": 130,
        "brand": "Adidas",
        "type": "Cycling Shorts",
        "size": "Medium",
        "colour": "Pink",
        "price": "50",
        "gender": "Men"
    },
    {
        "id": 131,
        "brand": "Under Armour",
        "type": "Training Pants",
        "size": "Small",
        "colour": "Black",
        "price": "65",
        "gender": "Women"
    },
    {
        "id": 132,
        "brand": "Puma",
        "type": "Sport Jacket",
        "size": "Small",
        "colour": "Blue",
        "price": "100",
        "gender": "Men"
    },
    {
        "id": 133,
        "brand": "H&M",
        "type": "Lace Top",
        "size": "Large",
        "colour": "White",
        "price": "35",
        "gender": "Women"
    },
    {
        "id": 134,
        "brand": "Zara",
        "type": "Tailored Pants",
        "size": "Medium",
        "colour": "Black",
        "price": "110",
        "gender": "Men"
    },
    {
        "id": 135,
        "brand": "Gap",
        "type": "Graphic Tee",
        "size": "Medium",
        "colour": "Orange",
        "price": "25",
        "gender": "Unisex"
    },
    {
        "id": 136,
        "brand": "Uniqlo",
        "type": "Ribbed Sweater",
        "size": "Large",
        "colour": "Pink",
        "price": "55",
        "gender": "Women"
    },
    {
        "id": 137,
        "brand": "Levi's",
        "type": "Skinny Jeans",
        "size": "32",
        "colour": "Dark Blue",
        "price": "80",
        "gender": "Men"
    },
    {
        "id": 138,
        "brand": "Reebok",
        "type": "Performance Jacket",
        "size": "Medium",
        "colour": "Red",
        "price": "140",
        "gender": "Unisex"
    },
    {
        "id": 139,
        "brand": "Columbia",
        "type": "Climbing Shorts",
        "size": "Small",
        "colour": "Grey",
        "price": "45",
        "gender": "Women"
    },
    {
        "id": 140,
        "brand": "North Face",
        "type": "Expedition Parka",
        "size": "Large",
        "colour": "Black",
        "price": "200",
        "gender": "Men"
    },
    {
        "id": 141,
        "brand": "Patagonia",
        "type": "Board Shorts",
        "size": "Medium",
        "colour": "Yellow",
        "price": "60",
        "gender": "Unisex"
    },
    {
        "id": 142,
        "brand": "Nike",
        "type": "Skate Shoes",
        "size": "44",
        "colour": "Grey",
        "price": "120",
        "gender": "Men"
    },
    {
        "id": 143,
        "brand": "Adidas",
        "type": "Volleyball Shorts",
        "size": "42",
        "colour": "Blue",
        "price": "70",
        "gender": "Women"
    },
    {
        "id": 144,
        "brand": "Under Armour",
        "type": "Weightlifting Belt",
        "size": "Standard",
        "colour": "Black",
        "price": "35",
        "gender": "Unisex"
    },
    {
        "id": 145,
        "brand": "Puma",
        "type": "Gym Bag",
        "size": "Standard",
        "colour": "Yellow",
        "price": "40",
        "gender": "Men"
    },
    {
        "id": 146,
        "brand": "H&M",
        "type": "Swing Dress",
        "size": "Small",
        "colour": "Red",
        "price": "45",
        "gender": "Women"
    },
    {
        "id": 147,
        "brand": "Zara",
        "type": "Slim Fit Pants",
        "size": "34",
        "colour": "Black",
        "price": "85",
        "gender": "Men"
    },
    {
        "id": 148,
        "brand": "Gap",
        "type": "Rugby Shirt",
        "size": "Large",
        "colour": "Green",
        "price": "50",
        "gender": "Unisex"
    },
    {
        "id": 149,
        "brand": "Uniqlo",
        "type": "Cashmere Sweater",
        "size": "Medium",
        "colour": "Blue",
        "price": "95",
        "gender": "Women"
    },
    {
        "id": 150,
        "brand": "jatinder",
        "type": "T-Shirt",
        "size": "M",
        "colour": "Black",
        "price": 29.99,
        "gender": "Unisex"
    },
    {
        "id": 151,
        "brand": "Nike",
        "type": "T-Shirt",
        "size": "M",
        "colour": "Black",
        "price": 29.99,
        "gender": "Unisex"
    }
]